{
  "angles": {
    "time": [
      0.0,
      0.04,
      0.08,
      0.12,
      0.16,
      0.2,
      0.24,
      0.28,
      0.32,
      0.36,
      0.4,
      0.44,
      0.48,
      0.52,
      0.56,
      0.6,
      0.64,
      0.68,
      0.72,
      0.76,
      0.8,
      0.84,
      0.88,
      0.92,
      0.96,
      1.0,
      1.04,
      1.08,
      1.12,
      1.16,
      1.2,
      1.24,
      1.28,
      1.32,
      1.36,
      1.4,
      1.44,
      1.48,
      1.52,
      1.56,
      1.6,
      1.64,
      1.68,
      1.72,
      1.76,
      1.8,
      1.84,
      1.88,
      1.92,
      1.96,
      2.0,
      2.04,
      2.08,
      2.12,
      2.16,
      2.2,
      2.24,
      2.28,
      2.32,
      2.36,
      2.4,
      2.44,
      2.48,
      2.52,
      2.56,
      2.6,
      2.64,
      2.68,
      2.72,
      2.76,
      2.8,
      2.84,
      2.88,
      2.92,
      2.96,
      3.0,
      3.04,
      3.08,
      3.12,
      3.16,
      3.2,
      3.24,
      3.28,
      3.32,
      3.36,
      3.4,
      3.44,
      3.48
    ],
    "right_knee": [
      168.32145500764142,
      168.1018610519112,
      167.921021552851,
      168.13449119135916,
      167.50377943010042,
      165.9974496562693,
      164.74329714915538,
      162.97939762114888,
      158.2265389894913,
      153.19112094644353,
      150.74055994260894,
      145.31286152871064,
      141.8607015471027,
      137.7387206208503,
      135.14358263496166,
      129.65390094820455,
      126.6031643957676,
      123.99917064598588,
      121.28051790042068,
      118.73305541659266,
      115.12001879228376,
      109.73929592142434,
      110.06898101317589,
      109.39854523976831,
      108.65257544463904,
      106.10433674574435,
      100.70698747622026,
      100.37835700925177,
      97.56136512148953,
      93.64109703960196,
      90.99833392169859,
      88.98488432231437,
      86.78580188627609,
      85.96079575156358,
      83.51705036268936,
      81.92728602416588,
      81.65147381570762,
      81.92385431136478,
      82.75808504178389,
      83.1989815014528,
      83.37416116130572,
      84.50227336607895,
      85.09896022611491,
      85.37793330036618,
      85.937330388708,
      86.20693439238568,
      87.429365241352,
      87.8724154867827,
      89.88658733161793,
      92.17256102279998,
      94.30952288477766,
      96.81685138987422,
      100.2805885550834,
      105.1488018297085,
      108.04400017546195,
      109.46824307191659,
      113.08341656378019,
      117.35227262650659,
      122.5335399207377,
      124.33477419079381,
      129.64183258279374,
      134.6237049241909,
      140.3171618386513,
      145.7974037054655,
      148.89060964272434,
      152.96808444123616,
      157.0034814343758,
      158.90722791886014,
      160.53485336328643,
      162.27800319103113,
      163.88528042068575,
      164.9683188421218,
      165.7754942844718,
      166.98003210048083,
      167.5103294610838,
      167.43184196622863,
      168.2750277498312,
      169.02709067415526,
      169.8710313810839,
      170.06702252517687,
      170.50119538016878,
      170.45930369705616,
      170.29545941116385,
      170.26857752895316,
      170.11507727197684,
      170.53831701212027,
      170.4916354661388,
      170.65654428249596
    ],
    "left_knee": [
      174.31056392861828,
      174.01312433817847,
      173.74950129606606,
      173.77404080982583,
      173.2355367978541,
      171.13004811327914,
      169.56853020884802,
      167.5886026615683,
      162.85435031459514,
      155.71283558787832,
      152.69868486917957,
      148.58724298694818,
      146.0291788843637,
      141.67659139878222,
      138.47586825549087,
      134.69721799598221,
      133.04326092013648,
      131.03958071660713,
      127.61965905715456,
      124.08480189965073,
      121.09375060767348,
      118.15531895720625,
      118.167087776111,
      114.72718718239736,
      113.36513424526822,
      109.89716759777218,
      107.93805586291029,
      104.92416932428185,
      100.69891801415679,
      97.57854088815554,
      96.036452563679,
      93.46393584022542,
      92.58196351483508,
      91.70815019850198,
      89.76115232716512,
      88.97574286824408,
      88.62260537229645,
      88.6596424667527,
      89.49592709491708,
      90.05780901366563,
      90.45147135127621,
      91.8463246197989,
      92.03969306521856,
      92.42435047171062,
      92.71564982672112,
      92.52450412978243,
      92.8482808529701,
      92.9872445553479,
      94.2876394546384,
      96.15164277003123,
      99.44549393707354,
      104.33738066136644,
      107.58674416328105,
      109.02698342274837,
      112.03051387603782,
      113.27131454110892,
      121.56232379477942,
      124.93330773843076,
      127.72430044393826,
      129.11702634100857,
      132.38481105670692,
      137.35219949340686,
      140.40730605302952,
      145.4962823605517,
      149.05198545439018,
      153.87358414484325,
      159.06462341168665,
      162.5554414520392,
      166.14834157330526,
      169.66405278008247,
      171.2651925814078,
      172.32445455969759,
      173.28383517194976,
      174.0548673333413,
      174.5705852940304,
      173.95223400015666,
      174.57125284053342,
      175.3494328463809,
      176.0472733273543,
      176.20427412932264,
      176.51659974193026,
      176.5090776272789,
      176.4862178444326,
      176.3839553851755,
      176.1552993503888,
      176.44073317521887,
      176.53594478151243,
      176.41958347758788
    ],
    "right_hip": [
      175.66798649262404,
      176.09251852714254,
      176.75202759886392,
      177.1776759923147,
      178.666606844937,
      178.4655901281976,
      176.0880290801689,
      173.6346438852455,
      167.96136082062822,
      162.08635582954344,
      158.1337111056946,
      149.45482160257646,
      145.71057915054092,
      140.5535016010868,
      138.45236735908244,
      132.3125208312636,
      127.99329801318419,
      124.08583238525317,
      119.65540840985864,
      116.10786236514838,
      114.14790910672694,
      111.16398851780828,
      110.02621487857563,
      104.87076041696473,
      103.63878972881353,
      100.68676294535331,
      101.45389656145392,
      98.81907534997637,
      96.35192225795483,
      92.25688964668048,
      90.67840684899892,
      87.62095661574186,
      85.50867258062222,
      85.13832519644166,
      83.20282630327989,
      81.00497486101656,
      80.40401760034584,
      80.44117837183403,
      80.8276877023219,
      80.80777815559203,
      80.8519928708935,
      81.52312784371829,
      82.37910039635696,
      82.7921972218696,
      83.12646096974105,
      82.74176102598403,
      83.21260266001951,
      83.55201581611945,
      84.70261415181501,
      87.1432706806861,
      89.92102330621779,
      96.25101623364999,
      100.25555178983868,
      97.88175249575269,
      99.96105393195617,
      102.51004655700997,
      112.29983547392402,
      117.44490024242809,
      119.32020231595166,
      125.05736877212917,
      133.55398710708337,
      139.65271099281176,
      145.5655288540101,
      152.61996425995784,
      155.8900011504,
      160.1416221699033,
      165.14092282612108,
      168.177303807772,
      172.14578505645494,
      175.39388596056318,
      177.32413321575285,
      179.29117402828012,
      179.4761009065262,
      178.20518933919806,
      177.71433917794027,
      177.7561058343761,
      177.0761659604149,
      176.327288272202,
      175.76721177736687,
      175.68433553041606,
      175.37621277684568,
      175.27262635579635,
      175.30446563035946,
      175.48435508152957,
      175.39991030567543,
      174.99608325899814,
      175.0585213657732,
      175.30414917851078
    ],